Size,Time_seq_s,Time_par_s,Speedup
500,0.000151,0.000276,0.5471014492753624
5000,0.014181,0.008088,1.7533382789317506
10000,0.058587,0.046541,1.2588255516641242
20000,0.26637,0.104563,2.5474594263745303
30000,0.675277,0.238561,2.8306261291661254
